{
  "restaurants": [
    {
      "id": 1,
      "name": "Subway Restaurant",
      "address": "Hazrat Ganj, Lucknow",
      "email": "subway@restaurant.com"
    },
    {
      "id": 2,
      "name": "McD Restaurant",
      "address": "Hazrat Ganj, Lucknow",
      "email": "mcd@restaurant.com"
    },
    {
      "id": 4,
      "name": "Burger King Restaurant",
      "address": "Aminabad, Lucknow",
      "email": "burger@king.com"
    },
    {
      "id": 5,
      "name": "Coal Barbeque Restaurant",
      "address": "OMR, Chennai",
      "email": "coal@barbeque.com"
    },
    {
      "name": "Dominos",
      "email": "Dominos@test.com",
      "address": "Indiranagar Lko",
      "id": 6
    },
    {
      "name": "subway1",
      "email": "sub@way.com",
      "address": "Sector 21, Lucknow",
      "id": 7
    }
  ]
}